id;image_url;term_conditions;about;user_id
1;International;Customer Avon ADP;Colon parse Mouse;1
2;Bhutanese Cotton;Division;Analyst bandwidth Handmade;2
3;Fantastic Buckinghamshire Unbranded;mobile;Small;1
4;SMTP;Borders;Assistant Upgradable;2
5;Dynamic Jersey SQL;of;connecting Buckinghamshire;2
6;back-end;Ergonomic hybrid withdrawal;synthesize enable matrices;2
7;invoice Games;whiteboard Cotton technologies;Integration Silver productivity;2
8;Central Technician;AI;Designer sexy;1
9;networks;24/7;hard Mouse;1
10;Wooden Home drive;pink CSS;IB;1
